{"cameraMode":{"drawMode":0,"name":"Shaded","section":"Shading Mode"},"sceneLighting":false,"audioPlay":false,"sceneViewState":{"m_AlwaysRefresh":false,"showFog":true,"showSkybox":false,"showFlares":true,"showImageEffects":true,"showParticleSystems":true,"showVisualEffectGraphs":true,"m_FxEnabled":true},"in2DMode":false,"pivot":{"x":5.993059158325195,"y":-0.026764094829559327,"z":0.3488922119140625},"rotation":{"x":0.16233883798122407,"y":0.6953771114349365,"z":-0.16598236560821534,"w":0.6801120638847351},"size":3.509037971496582,"orthographic":false}