{"cameraMode":{"drawMode":0,"name":"Shaded","section":"Shading Mode"},"sceneLighting":true,"audioPlay":false,"sceneViewState":{"m_AlwaysRefresh":false,"showFog":true,"showSkybox":true,"showFlares":true,"showImageEffects":true,"showParticleSystems":true,"showVisualEffectGraphs":true,"m_FxEnabled":true},"in2DMode":false,"pivot":{"x":-1.3679406642913819,"y":1.0954076051712037,"z":-0.2631789445877075},"rotation":{"x":0.1738181859254837,"y":-0.20081540942192079,"z":0.03623496741056442,"w":0.9634094834327698},"size":2.866654872894287,"orthographic":true}