{"cameraMode":{"drawMode":0,"name":"Shaded","section":"Shading Mode"},"sceneLighting":true,"audioPlay":false,"sceneViewState":{"m_AlwaysRefresh":false,"showFog":true,"showSkybox":true,"showFlares":true,"showImageEffects":true,"showParticleSystems":true,"showVisualEffectGraphs":true,"m_FxEnabled":true},"in2DMode":false,"pivot":{"x":0.8124460577964783,"y":1.8814833164215088,"z":-0.34744834899902346},"rotation":{"x":0.020898794755339624,"y":0.9771190285682678,"z":-0.17780600488185883,"w":0.11484720557928086},"size":0.628833532333374,"orthographic":false}