{"cameraMode":{"drawMode":0,"name":"Shaded","section":"Shading Mode"},"sceneLighting":true,"audioPlay":false,"sceneViewState":{"m_AlwaysRefresh":false,"showFog":true,"showSkybox":true,"showFlares":true,"showImageEffects":true,"showParticleSystems":true,"showVisualEffectGraphs":true,"m_FxEnabled":true},"in2DMode":false,"pivot":{"x":-5.264999866485596,"y":3.443000078201294,"z":2.253999948501587},"rotation":{"x":-0.002498139161616564,"y":0.9947574138641357,"z":-0.09911502152681351,"w":-0.025072282180190088},"size":0.4953742027282715,"orthographic":false}