{"cameraMode":{"drawMode":0,"name":"Shaded","section":"Shading Mode"},"sceneLighting":false,"audioPlay":false,"sceneViewState":{"m_AlwaysRefresh":false,"showFog":true,"showSkybox":false,"showFlares":true,"showImageEffects":true,"showParticleSystems":true,"showVisualEffectGraphs":true,"m_FxEnabled":true},"in2DMode":false,"pivot":{"x":6.400000095367432,"y":0.22914958000183106,"z":0.6488618850708008},"rotation":{"x":0.16233883798122407,"y":0.6953771114349365,"z":-0.16598236560821534,"w":0.6801120638847351},"size":0.8660253882408142,"orthographic":false}